{
    "radii": [
        2,
        4,
        6,
        8,
        10,
        12,
        14,
        16
    ],
    "lime": [
        1.0,
        0.71434088320601,
        0.6565674858886913,
        0.6275922363312924,
        0.607454559730437,
        0.589875786891159,
        0.5745836936351267,
        0.5554498031768291,
        0.5391795817740932,
        0.5229199987426253,
        0.49358366135756804,
        0.47447730611307226,
        0.4583560251910161,
        0.42659533131435073,
        0.4081154038130714,
        0.39115304553708713,
        0.35712882629914355,
        0.3399443083092092,
        0.3225958305147459,
        0.2861115843094175,
        0.2665064650298628
    ],
    "shap": [
        1.0,
        0.6864226134165234,
        0.6253950463450195,
        0.5965368212035908,
        0.5759272901496932,
        0.5587634234885441,
        0.5441960089676601,
        0.5259132087157247,
        0.5106730570139462,
        0.4970712545011806,
        0.47131763242884855,
        0.45258425500458616,
        0.43812885884701575,
        0.4117287833287845,
        0.39456804576513915,
        0.3794417899949281,
        0.35087080803649695,
        0.33294033433222303,
        0.3187321298115328,
        0.288199884882397,
        0.26888138274342666
    ],
    "intgrad": [
        1.0,
        0.7017447449642656,
        0.6365167965354882,
        0.6028342659309007,
        0.5782089644134161,
        0.5583197312711226,
        0.5400976338800146,
        0.5193491747629397,
        0.5018880522634989,
        0.48500642225395973,
        0.4562752350412451,
        0.43747552251806077,
        0.42172972303319933,
        0.3926906411571969,
        0.37641603896929576,
        0.360672116728784,
        0.32960168222512876,
        0.3135060594958044,
        0.2983372490063637,
        0.26664601913379243,
        0.2502318632708614
    ],
    "mfaba": [
        1.0,
        0.6931412221954262,
        0.6282092775939869,
        0.5962139084512234,
        0.5724703618790823,
        0.5541243556960173,
        0.5376150778222102,
        0.5175775293416252,
        0.5007578540806874,
        0.484536444991327,
        0.45706249327642484,
        0.4384699213418802,
        0.42427360687959487,
        0.3956825990441585,
        0.3794787126589533,
        0.3644406948880125,
        0.33407178440149693,
        0.31864326610275806,
        0.30378297611505933,
        0.2715072474065365,
        0.25323884054977513
    ],
    "random": [
        1.0,
        0.7046548937121269,
        0.6389435056430626,
        0.6027230362012251,
        0.5775113306413343,
        0.5553134927994361,
        0.5365783008857976,
        0.5139106078050729,
        0.4957282550659507,
        0.47784753930357377,
        0.44911434925646976,
        0.42923206243647916,
        0.413432437744826,
        0.3847263357913962,
        0.3671705955827775,
        0.35172191403615516,
        0.32064747777490277,
        0.30481508602338836,
        0.29045231794240495,
        0.25965341282663185,
        0.24288121067090532
    ]
}