{
    "radii": [
        1,
        2,
        3,
        4,
        5,
        6,
        7,
        8,
        9,
        10,
        11,
        12,
        13,
        14,
        15,
        16,
        17,
        18,
        19,
        20
    ],
    "lambda_1.0": [
        0.8825305,
        0.8192325000000009,
        0.7686670000000008,
        0.7258340000000003,
        0.6836999999999998,
        0.6509325,
        0.6162319999999999,
        0.5893669999999999,
        0.5567660000000001,
        0.5319675,
        0.5065014999999995,
        0.48113400000000006,
        0.4580324999999998,
        0.43806849999999975,
        0.41499750000000013,
        0.4011990000000001,
        0.3826025000000003,
        0.36496849999999986,
        0.35300199999999987,
        0.3360345000000002
    ],
    "lambda_0.9": [
        0.8830670000000004,
        0.8417990000000002,
        0.8103,
        0.7828335000000003,
        0.7581625000000001,
        0.7304999999999998,
        0.7078975000000007,
        0.6872000000000003,
        0.6656360000000001,
        0.6306344999999997,
        0.6302325000000001,
        0.6007025,
        0.5834020000000002,
        0.560101,
        0.5503335,
        0.5328025000000003,
        0.5004335000000004,
        0.4908994999999999,
        0.4786990000000001,
        0.4574994999999999
    ],
    "lambda_0.8": [
        0.8774665000000005,
        0.8604675000000003,
        0.8387315000000009,
        0.8131975000000001,
        0.7930010000000004,
        0.772665,
        0.7528985000000001,
        0.7382335000000003,
        0.7023,
        0.6846000000000002,
        0.685764,
        0.6589665000000001,
        0.6270000000000002,
        0.6197655000000001,
        0.5993350000000001,
        0.5748985,
        0.5742340000000002,
        0.5466674999999999,
        0.515266,
        0.4897015000000001
    ],
    "lambda_0.7": [
        0.8933350000000003,
        0.8667650000000002,
        0.8614320000000001,
        0.855565,
        0.8239295000000003,
        0.8148315000000004,
        0.8106665000000001,
        0.7961674999999999,
        0.7813655000000004,
        0.7582330000000005,
        0.7512000000000006,
        0.7447014999999999,
        0.7290315000000003,
        0.7125645,
        0.7035325000000004,
        0.6818645000000001,
        0.6710630000000001,
        0.6596675000000002,
        0.641733,
        0.6297654999999999
    ],
    "lambda_0.6": [
        0.9182650000000003,
        0.9339650000000005,
        0.9208680000000002,
        0.9104650000000004,
        0.8882974999999999,
        0.8976650000000005,
        0.8902990000000003,
        0.8904670000000003,
        0.8727670000000003,
        0.8713315000000006,
        0.8567305000000005,
        0.845099,
        0.8334690000000002,
        0.8300325000000002,
        0.8177980000000001,
        0.8041025,
        0.8172010000000004,
        0.8087300000000001,
        0.7960675000000004,
        0.7622345000000006
    ],
    "lambda_0.5": [
        0.9096660000000003,
        0.9151325000000007,
        0.9100975,
        0.8976670000000005,
        0.8900655000000001,
        0.8969995000000003,
        0.8868670000000004,
        0.8913640000000004,
        0.8667994999999997,
        0.8865350000000004,
        0.8744330000000002,
        0.8579640000000007,
        0.8555990000000006,
        0.8529990000000001,
        0.853234,
        0.8509630000000007,
        0.8495645,
        0.826633,
        0.8334980000000004,
        0.8156675000000003
    ]
}