{
    "radii": [
        1,
        10,
        20,
        30,
        40,
        50,
        60,
        70,
        80,
        90,
        100,
        110,
        120,
        130,
        140,
        147
    ],
    "lime": [
        1.0,
        0.9164600073425099,
        0.76120000758674,
        0.7095200065644458,
        0.6829366730568,
        0.6672366723809391,
        0.6570033383197151,
        0.6486966714542359,
        0.6426633377335965,
        0.639703337631654,
        0.639456670680549,
        0.6390600047134795,
        0.6394766708901152,
        0.6388866709172726,
        0.6392800046582706,
        0.638930004383903,
        0.6383300039866008
    ],
    "shap": [
        1.0,
        0.937666672706604,
        0.8235466732336209,
        0.7794266735301353,
        0.7564266730309464,
        0.7414366725492291,
        0.7303700061705894,
        0.7231666720588692,
        0.7196333384979516,
        0.7172700046752579,
        0.7161500054849311,
        0.7164433380733244,
        0.7160333382007666,
        0.7161366714918986,
        0.7164700051648543,
        0.7162066721213051,
        0.7157300050305203
    ],
    "intgrad": [
        1.0,
        0.8443333472013473,
        0.5414866765132174,
        0.4239433401902206,
        0.36112000567559155,
        0.3229300045492128,
        0.2985266702333465,
        0.2831133364881389,
        0.2741933359275572,
        0.2701066691293381,
        0.26929666913626715,
        0.2692366692251526,
        0.26951000254368407,
        0.2696166690480895,
        0.2692766689122654,
        0.2693000022317283,
        0.2695900023104623
    ],
    "mfaba": [
        1.0,
        0.8722233442477882,
        0.6331266751000658,
        0.5369266733555124,
        0.48462333884928377,
        0.4535433378145099,
        0.43570333713339643,
        0.4225666698254645,
        0.4161966694695875,
        0.41289333607954903,
        0.41122666918858886,
        0.41206666913209483,
        0.4122400027117692,
        0.4115100024593994,
        0.4116733359703794,
        0.41201000273693356,
        0.41201333583611993
    ],
    "random": [
        1.0,
        0.8190900141038001,
        0.47156334277009593,
        0.3392833392121829,
        0.2698300040611066,
        0.23023000359116122,
        0.2072633360866457,
        0.19316666884114966,
        0.1850433353348635,
        0.181680001642555,
        0.1805066683734767,
        0.18102666853461413,
        0.1807266682991758,
        0.1806100016576238,
        0.18010000169137494,
        0.18111666836449877,
        0.1804266684660688
    ]
}