{
    "radii": [
        0,
        1,
        2,
        3,
        4,
        5,
        6,
        7,
        8,
        9,
        10,
        11,
        12,
        13,
        14,
        15,
        16,
        17,
        18,
        19,
        20,
        30,
        40,
        50,
        60,
        70,
        80,
        90,
        100
    ],
    "lime": [
        1.0,
        0.916808950000002,
        0.8800128000000007,
        0.8545628499999998,
        0.8346995000000004,
        0.8177723000000019,
        0.8054626000000007,
        0.7936296500000011,
        0.7828161999999986,
        0.7743933500000003,
        0.7647232500000021,
        0.7581600000000012,
        0.7510629999999998,
        0.7445962500000017,
        0.7385696500000011,
        0.7341724500000011,
        0.7291358500000015,
        0.7250532999999997,
        0.7202456500000005,
        0.7166931500000017,
        0.7138929000000003,
        0.6872235500000005,
        0.6714627000000001,
        0.6611489,
        0.6528298999999996,
        0.6465563000000016,
        0.6439602500000007,
        0.6434997499999998,
        0.6437698999999997
    ],
    "shap": [
        1.0,
        0.9425265000000002,
        0.9189888000000022,
        0.9018426999999997,
        0.8877992500000011,
        0.8769628500000018,
        0.8670701500000021,
        0.859050100000001,
        0.8513724000000014,
        0.8436231500000022,
        0.8383357500000013,
        0.8316091000000001,
        0.8264794500000009,
        0.8218427500000012,
        0.8169329000000012,
        0.8127829000000006,
        0.8086728000000013,
        0.8058329999999994,
        0.8017524000000008,
        0.7986162500000015,
        0.7959695500000018,
        0.7727128000000013,
        0.7584829000000001,
        0.7472488000000008,
        0.7397725999999996,
        0.7344530000000006,
        0.732166200000001,
        0.7318862500000001,
        0.731686750000001
    ],
    "intgrad": [
        1.0,
        0.8447317500000004,
        0.7760103000000004,
        0.7258225500000006,
        0.6863331999999992,
        0.6545295000000003,
        0.6258791500000018,
        0.6018769999999999,
        0.5790988500000006,
        0.5592630500000003,
        0.5420525500000001,
        0.5241638999999998,
        0.5115890999999992,
        0.49681324999999976,
        0.4837292999999988,
        0.47316044999999984,
        0.4617327999999996,
        0.4518767500000001,
        0.4418695000000002,
        0.4335899500000001,
        0.42416414999999946,
        0.3624816000000003,
        0.32244440000000035,
        0.29827370000000053,
        0.28349770000000063,
        0.27473695000000065,
        0.2699135000000005,
        0.26908045000000025,
        0.2696575000000006
    ],
    "mfaba": [
        1.0,
        0.8726661000000013,
        0.8165393000000005,
        0.7775597000000005,
        0.7461198000000003,
        0.7213426000000009,
        0.6999202000000003,
        0.6809002499999998,
        0.6639091500000013,
        0.6495134000000002,
        0.6342191500000002,
        0.6226395499999988,
        0.6103796500000007,
        0.5983171499999994,
        0.5890298999999999,
        0.5791303500000008,
        0.5692355999999993,
        0.5611897999999987,
        0.5536525000000003,
        0.5460068999999997,
        0.5379666499999994,
        0.48500370000000065,
        0.4534337000000001,
        0.43507094999999946,
        0.42332639999999944,
        0.4158702000000001,
        0.41215009999999996,
        0.41247634999999994,
        0.41177370000000024
    ],
    "random": [
        1.0,
        0.8182625500000018,
        0.7409532000000001,
        0.6842657500000006,
        0.6375996500000016,
        0.6004532500000007,
        0.5693033499999983,
        0.5403162999999999,
        0.5163764000000001,
        0.49439635000000043,
        0.47375649999999975,
        0.45389675,
        0.43738614999999975,
        0.42284604999999936,
        0.4072069499999998,
        0.39422995000000055,
        0.3818555499999997,
        0.3697111499999999,
        0.35959030000000014,
        0.34960795,
        0.33948730000000016,
        0.27013770000000037,
        0.23056480000000104,
        0.20716715000000047,
        0.19320715000000058,
        0.1846835500000001,
        0.18166105000000005,
        0.18107750000000006,
        0.18094055
    ]
}