{
    "radii": [
        0,
        1,
        2,
        3,
        4,
        5,
        6,
        7,
        8,
        9,
        10,
        11,
        12,
        13,
        14,
        15,
        16,
        17,
        18,
        19,
        20
    ],
    "lime": [
        1.0,
        0.71434088320601,
        0.6566613561599765,
        0.6276861066025775,
        0.6079295433068603,
        0.5923082785394841,
        0.579511882945172,
        0.5690584895253918,
        0.5604336889267302,
        0.5530379628460117,
        0.5470984780071304,
        0.5423624098995427,
        0.5380487576701249,
        0.5351750757210401,
        0.5325398244560646,
        0.5306104774970908,
        0.5290009150389778,
        0.5281335536475693,
        0.5267035967283008,
        0.5258068225628796,
        0.5250552346254823
    ],
    "shap": [
        1.0,
        0.6864226134165234,
        0.6254889166163046,
        0.5966306914748759,
        0.5763346871337007,
        0.560462475429892,
        0.5481754827458161,
        0.5376081931052715,
        0.5291335848476998,
        0.5228987213493962,
        0.5175168258969836,
        0.5128195574249218,
        0.5094164471917179,
        0.5057749064017805,
        0.5039450618061889,
        0.5022109649709307,
        0.50105823809128,
        0.5001977605882976,
        0.49945493378962086,
        0.4984699216863882,
        0.4983585289631647
    ],
    "intgrad": [
        1.0,
        0.7017447449642656,
        0.6366106668067734,
        0.6029281362021858,
        0.5785612908369361,
        0.5599073904878481,
        0.543725407037436,
        0.5312650672023795,
        0.5207428352542395,
        0.512008519125736,
        0.5046747476727995,
        0.4988654292918833,
        0.49403048450847437,
        0.4905128524237701,
        0.4882737334628289,
        0.48585125453090705,
        0.48423105362975144,
        0.48283176081074813,
        0.482075166248595,
        0.48114647644325514,
        0.4808855171496426
    ],
    "mfaba": [
        1.0,
        0.6931412221954262,
        0.6283031478652721,
        0.5963077787225084,
        0.5728389591536909,
        0.5559272907415015,
        0.541660886591495,
        0.5300034502548958,
        0.5203423220032191,
        0.5118314171002563,
        0.5052335882288581,
        0.5002691024689007,
        0.4964873818692009,
        0.49278576397305107,
        0.4901692866804343,
        0.4881323017179966,
        0.48671173178866656,
        0.48551269525907376,
        0.4843724843478821,
        0.4837291601235406,
        0.48308333250988855
    ],
    "random": [
        1.0,
        0.7046548937121269,
        0.6390373759143476,
        0.6028169064725103,
        0.5779299795359196,
        0.5572891334771862,
        0.5408700590977716,
        0.5263340692098273,
        0.5149879786097541,
        0.5050349014473466,
        0.4967936324926896,
        0.4902352764343141,
        0.48459305663444174,
        0.480274298070418,
        0.4764154853071223,
        0.4739710343545842,
        0.4717912196306647,
        0.47006755795783817,
        0.4687102845587959,
        0.46776083689846243,
        0.46694719432393056
    ]
}