{
    "radii": [
        1,
        2,
        3,
        4,
        5,
        6,
        7,
        8,
        9,
        10,
        11,
        12,
        13,
        14,
        15,
        16,
        17,
        18,
        19,
        20
    ],
    "lambda_1.0": [
        0.8366985000000003,
        0.7637655,
        0.7120005000000001,
        0.6676655000000005,
        0.6350355000000001,
        0.6063335000000001,
        0.5763320000000003,
        0.5560345,
        0.5320015,
        0.5132694999999999,
        0.49859750000000014,
        0.48326550000000007,
        0.464867,
        0.4497684999999997,
        0.43596799999999986,
        0.4249025000000001,
        0.4134329999999997,
        0.4002319999999997,
        0.3877305,
        0.38147049999999966
    ],
    "lambda_0.9": [
        0.7937329999999997,
        0.7514315000000004,
        0.7104334999999999,
        0.6591345,
        0.6198,
        0.5833979999999996,
        0.5723334999999999,
        0.5472674999999996,
        0.5222015,
        0.5018005,
        0.4915979999999998,
        0.4756655000000001,
        0.446164,
        0.44190199999999996,
        0.4240994999999998,
        0.4077010000000001,
        0.4069684999999998,
        0.39066499999999993,
        0.3787335000000001,
        0.3606995
    ],
    "lambda_0.8": [
        0.7041349999999998,
        0.7058679999999997,
        0.657268,
        0.6266335000000004,
        0.6018675,
        0.5724335000000002,
        0.5553014999999999,
        0.5436979999999995,
        0.5120334999999999,
        0.5138699999999998,
        0.465734,
        0.47969600000000034,
        0.43806699999999993,
        0.4253675000000001,
        0.3968339999999999,
        0.3982345,
        0.37927000000000005,
        0.3650685000000001,
        0.35193199999999997,
        0.33716849999999987
    ],
    "lambda_0.7": [
        0.7102659999999998,
        0.6950355000000001,
        0.6753665000000001,
        0.6496335000000003,
        0.6380020000000003,
        0.6163984999999997,
        0.591032,
        0.5613675,
        0.5715005,
        0.5597659999999998,
        0.5246010000000002,
        0.5138975,
        0.5292349999999999,
        0.491197,
        0.493298,
        0.47160099999999966,
        0.4600295,
        0.44173399999999996,
        0.4218665000000001,
        0.42283049999999994
    ],
    "lambda_0.6": [
        0.7313985000000001,
        0.7072670000000001,
        0.7012624999999997,
        0.7029645000000002,
        0.6553669999999999,
        0.6351334999999999,
        0.6635325000000003,
        0.6249335000000003,
        0.6110999999999996,
        0.5959660000000002,
        0.5751990000000002,
        0.5830960000000001,
        0.5592694999999999,
        0.5299355000000003,
        0.521833,
        0.5002965000000001,
        0.4934009999999997,
        0.4897975000000001,
        0.4752644999999999,
        0.47489799999999976
    ],
    "lambda_0.5": [
        0.7327635000000005,
        0.7007334999999998,
        0.6773665000000002,
        0.6674305000000003,
        0.6285310000000002,
        0.6362025000000004,
        0.6297345,
        0.6126640000000001,
        0.6101005,
        0.5877655000000002,
        0.5959369999999997,
        0.5731359999999998,
        0.5607344999999997,
        0.5327345,
        0.5264345000000002,
        0.5249665,
        0.4996029999999998,
        0.5042019999999998,
        0.4890330000000001,
        0.5024664999999997
    ]
}